{
  "sample_name": "sample",
  "timestamp": "2025-08-06T22:39:56.089999Z",
  "summary": {
    "total_contigs": 0,
    "total_length": 0,
    "n50": 0,
    "mean_coverage": 0.0,
    "unique_species": 0,
    "diversity_index": 4.352897741313104
  },
  "quality_metrics": {
    "assembly_completeness": 0.85,
    "classification_confidence": null,
    "coverage_uniformity": 0.75
  },
  "taxonomic_composition": [],
  "abundance_data": {
    "unique_kmers": 1000,
    "abundant_kmers": {
      "45": 67.01685218118472,
      "84": 24.648360725858808,
      "86": 42.3252088971027,
      "36": 90.07749341913846,
      "33": 64.1436288757683,
      "52": 26.165074726623327,
      "61": 13.6169288128424,
      "69": 55.0582309403358,
      "12": 3.1684004103472496,
      "77": 4.606322788419903,
      "95": 29.306073014380463,
      "98": 26.062555014456954,
      "20": 76.1626135152425,
      "9": 74.3150647497964,
      "99": 62.4475622902716,
      "50": 68.13160914454211,
      "87": 82.08012651360991,
      "64": 91.82377117416473,
      "67": 57.233132793773265,
      "83": 13.923776815478583,
      "10": 54.37968931437187,
      "11": 94.15175619270546,
      "30": 68.44140810023795,
      "38": 23.875479394371133,
      "60": 80.5921260528226,
      "92": 39.90054037926285,
      "35": 33.272367698870696,
      "21": 47.96307855685844,
      "44": 80.55703722597394,
      "68": 18.63349152135583,
      "2": 0.33438997014341165,
      "91": 87.64273497586323,
      "56": 36.3080208469752,
      "13": 92.66096960288684,
      "48": 68.50363275105084,
      "5": 55.411799005772025,
      "8": 32.86595079348969,
      "22": 77.0014576051568,
      "34": 67.00848791007597,
      "62": 80.19648660229794,
      "72": 83.45550187659595,
      "93": 53.2836922298797,
      "29": 28.277687932182992,
      "42": 74.38123220892608,
      "59": 17.16180759519512,
      "70": 84.82303435230796,
      "53": 3.0927903776066357,
      "71": 14.498705460264771,
      "18": 21.818131571308363,
      "80": 7.712900166339032,
      "19": 9.232157127278452,
      "58": 36.29463191763163,
      "17": 0.48024519225298157,
      "55": 0.05342591609174274,
      "94": 4.34151934366096,
      "63": 5.821557378613895,
      "49": 90.90674099238856,
      "46": 19.15056682982179,
      "32": 45.95008905857896,
      "6": 3.978778765649893,
      "24": 18.58270101088728,
      "66": 66.25740979940127,
      "65": 38.320936820423654,
      "73": 7.405563801938553,
      "88": 83.7535174691925,
      "97": 49.82179057739693,
      "82": 99.78404226723627,
      "0": 95.95727562768697,
      "40": 6.178706209421203,
      "43": 0.526450743858331,
      "28": 81.59164986753196,
      "27": 72.63199391814794,
      "1": 31.30922975023338,
      "14": 19.247459908649667,
      "78": 74.69018332011615,
      "7": 90.01033831398426,
      "25": 67.09019626424863,
      "74": 94.16570805181381,
      "75": 1.3689893109547269,
      "76": 21.347247620356356,
      "89": 83.5918556041606,
      "90": 20.821756236426413,
      "96": 57.40685201592031,
      "4": 6.699541784915075,
      "31": 81.65458461163465,
      "26": 44.21544567923568,
      "79": 51.6036786291864,
      "23": 26.968142426129262,
      "15": 8.868210474332594,
      "3": 59.38289417762803,
      "37": 99.91452923030563,
      "51": 62.4156213462238,
      "57": 69.94979788232538,
      "47": 71.85082339414404,
      "85": 6.699542823756488,
      "41": 80.76975786815079,
      "39": 54.92397738013442,
      "54": 26.605909158581852,
      "16": 73.2445094008689,
      "81": 96.68524912608004
    },
    "total_kmers": 150
  },
  "performance_metrics": {
    "total_processing_time": {
      "secs": 300,
      "nanos": 0
    },
    "peak_memory_usage": 4294967296,
    "reads_processed": 10000,
    "errors_corrected": 50,
    "repeats_resolved": 25
  }
}