{
  "sample_name": "Sample_001",
  "timestamp": "2025-08-07T07:22:29.752018Z",
  "summary": {
    "total_contigs": 0,
    "total_length": 0,
    "n50": 0,
    "mean_coverage": 0.0,
    "unique_species": 0,
    "diversity_index": 4.422930405641256
  },
  "quality_metrics": {
    "assembly_completeness": 0.85,
    "classification_confidence": null,
    "coverage_uniformity": 0.75
  },
  "taxonomic_composition": [],
  "abundance_data": {
    "unique_kmers": 1000,
    "abundant_kmers": {
      "93": 61.77204501580977,
      "31": 34.66905068162125,
      "97": 98.42548016462835,
      "98": 5.493188945430916,
      "49": 38.410611472451485,
      "96": 96.56417200806429,
      "4": 51.06839054978123,
      "15": 73.83129644924256,
      "38": 63.55889323641575,
      "77": 10.953590375341648,
      "22": 23.45910582940196,
      "37": 61.20096926063703,
      "24": 96.83334520766036,
      "53": 8.697304528916083,
      "72": 44.427796917176906,
      "30": 67.27220137746603,
      "66": 32.96859631908304,
      "95": 5.472495947370981,
      "68": 41.525747013916515,
      "82": 55.871743640043434,
      "32": 64.37708817600516,
      "34": 62.655731574777576,
      "47": 27.916376218970917,
      "9": 87.92627253052257,
      "27": 66.24115216233028,
      "26": 72.74391042584352,
      "73": 75.82028267629319,
      "99": 48.392372965039556,
      "12": 9.213924598986578,
      "23": 20.082285223491112,
      "76": 50.14592699292617,
      "13": 57.07743827940575,
      "86": 42.642252320457196,
      "57": 30.285489862181713,
      "65": 38.161014569301564,
      "62": 58.412559765276974,
      "83": 59.59030517033672,
      "94": 61.6610577747734,
      "18": 64.35975722247542,
      "35": 18.788264160249433,
      "71": 46.257133832103506,
      "89": 54.407269796548064,
      "8": 14.960013505131942,
      "70": 49.35110307146813,
      "40": 83.60618477735926,
      "41": 2.937088661332754,
      "45": 92.40523997415939,
      "28": 68.57257780850223,
      "58": 58.07068547064074,
      "7": 81.63939481718378,
      "29": 64.87802728152161,
      "59": 25.64061245078446,
      "1": 31.8018878190355,
      "84": 44.499255246029094,
      "19": 76.6616152589251,
      "46": 47.051113750529815,
      "11": 56.584775923494576,
      "2": 84.4121192593066,
      "87": 29.919636850653863,
      "52": 91.46036945431317,
      "90": 32.39602427407813,
      "60": 22.692494854184254,
      "74": 15.538518135620926,
      "43": 80.09042450081986,
      "39": 0.004585556744984842,
      "64": 73.44262387942864,
      "91": 2.7774007093627873,
      "16": 21.01040143988293,
      "67": 77.03506344885457,
      "14": 59.62890842214823,
      "5": 26.399472828171078,
      "75": 66.77435710768084,
      "44": 36.745638174275655,
      "50": 2.1423943380949106,
      "56": 42.545205736835356,
      "51": 2.3615236011093943,
      "63": 61.0049033527442,
      "0": 34.16716367025388,
      "3": 70.3120929413947,
      "25": 51.843748127862256,
      "6": 31.740804243916877,
      "54": 2.6856537199329678,
      "69": 45.28408227888987,
      "80": 82.09969035089486,
      "17": 51.83940792549397,
      "10": 60.083775328319966,
      "21": 1.4169143577871468,
      "33": 60.44758658879361,
      "48": 87.90788861944611,
      "55": 25.249128492731643,
      "78": 19.09948294443,
      "79": 26.441151628664162,
      "81": 80.8397616982911,
      "20": 43.49215193574809,
      "88": 23.911309260749203,
      "61": 76.2132206871412,
      "85": 5.995424968514329,
      "92": 42.70184554175245,
      "36": 47.11996140693102,
      "42": 56.33227695399994
    },
    "total_kmers": 358928800
  },
  "performance_metrics": {
    "total_processing_time": {
      "secs": 300,
      "nanos": 0
    },
    "peak_memory_usage": 4294967296,
    "reads_processed": 10000,
    "errors_corrected": 50,
    "repeats_resolved": 25
  }
}