{
  "sample_name": "SRR390728_1",
  "timestamp": "2025-08-07T07:33:48.899948Z",
  "summary": {
    "total_contigs": 0,
    "total_length": 0,
    "n50": 0,
    "mean_coverage": 0.0,
    "unique_species": 0,
    "diversity_index": 4.446160800483202
  },
  "quality_metrics": {
    "assembly_completeness": 0.85,
    "classification_confidence": null,
    "coverage_uniformity": 0.75
  },
  "taxonomic_composition": [],
  "abundance_data": {
    "unique_kmers": 1000,
    "abundant_kmers": {
      "35": 81.4171170941268,
      "5": 68.7371791197146,
      "25": 97.00097688223799,
      "9": 76.450601807017,
      "57": 60.579298649444446,
      "14": 48.276070595096954,
      "21": 74.6599765965959,
      "8": 29.007242471627205,
      "79": 91.12726348383771,
      "82": 23.989008914817965,
      "13": 89.29149015059174,
      "47": 7.708256234517141,
      "60": 28.1089542523304,
      "85": 41.67512730270826,
      "95": 54.025293385948856,
      "99": 9.07380265297073,
      "44": 56.79006044962307,
      "52": 96.95625151285631,
      "28": 2.139893924866354,
      "42": 21.161690783564268,
      "40": 24.35357904853108,
      "64": 40.69462601744158,
      "26": 91.63801620228969,
      "81": 47.39036454727241,
      "88": 10.119442786503651,
      "54": 41.34993733468717,
      "70": 84.31226890045434,
      "98": 75.86338878054744,
      "2": 28.88901893545901,
      "87": 71.57417418756549,
      "72": 4.9843364533885826,
      "53": 76.95978701327242,
      "20": 6.998733141110169,
      "97": 0.9532266792942945,
      "93": 99.51408059554674,
      "3": 79.01459393484708,
      "48": 28.105741207657076,
      "39": 43.33170926422633,
      "61": 68.17705841176569,
      "29": 80.45659269015096,
      "86": 24.74888715651371,
      "59": 72.31844450707241,
      "90": 16.339998793577482,
      "32": 27.855562339795092,
      "62": 82.40519844745862,
      "12": 81.60565641718716,
      "76": 78.68091700808,
      "24": 59.24327159843452,
      "37": 66.4323255764198,
      "69": 78.88956800228976,
      "38": 19.977138734295586,
      "80": 21.234243428979703,
      "4": 91.62451543672657,
      "91": 39.459609360944704,
      "92": 41.394036521457814,
      "0": 77.68557719646651,
      "16": 62.12349253005516,
      "30": 39.330512123166315,
      "49": 72.07447384922116,
      "50": 8.069933587507293,
      "10": 27.478903896006024,
      "71": 38.14354587588858,
      "43": 18.08584416938306,
      "19": 80.05703456234119,
      "18": 61.835941515220426,
      "46": 74.70563006857631,
      "68": 31.313021010376207,
      "67": 84.80483187527763,
      "22": 93.65276392753496,
      "78": 93.85885670498084,
      "15": 1.929472234471885,
      "84": 24.823901653813184,
      "23": 38.6001119084826,
      "31": 56.478318831532114,
      "27": 38.483510659385466,
      "96": 19.747976711500037,
      "34": 89.34988023225579,
      "75": 46.62089635941118,
      "73": 58.89725854630523,
      "17": 37.90089397278813,
      "63": 51.10847432646033,
      "56": 91.41485466122336,
      "36": 42.33403508491733,
      "1": 54.36146011131644,
      "66": 99.00711573090852,
      "11": 67.10548853296802,
      "51": 76.66137784192986,
      "77": 69.51782577359,
      "94": 66.47669807675089,
      "55": 76.95234154892572,
      "83": 40.4045489319546,
      "45": 79.44530588641567,
      "6": 97.51847790314618,
      "89": 52.756787048734125,
      "7": 49.78510369751348,
      "58": 16.946731724061294,
      "65": 36.801948718203256,
      "74": 19.482311191119294,
      "33": 78.67983629208453,
      "41": 87.1914827824493
    },
    "total_kmers": 358928800
  },
  "performance_metrics": {
    "total_processing_time": {
      "secs": 300,
      "nanos": 0
    },
    "peak_memory_usage": 4294967296,
    "reads_processed": 10000,
    "errors_corrected": 50,
    "repeats_resolved": 25
  }
}